{"cameraMode":{"drawMode":0,"name":"Shaded","section":"Shading Mode"},"sceneLighting":true,"audioPlay":false,"sceneViewState":{"m_AlwaysRefresh":false,"showFog":true,"showSkybox":true,"showFlares":true,"showImageEffects":true,"showParticleSystems":true,"showVisualEffectGraphs":true,"m_FxEnabled":true},"in2DMode":false,"pivot":{"x":-2.5033717155456545,"y":0.9344959259033203,"z":-1.8428071737289429},"rotation":{"x":0.25110331177711489,"y":-0.3845064043998718,"z":0.10952597111463547,"w":0.8815373182296753},"size":3.2187674045562746,"orthographic":true}